Product Name,Matched Name,Product URL,Image URL,Category,Description,Key Ingredients,All Ingredients,Usage Directions,Skin Types,Match Type
Boss Gal Courtesy Kit,,,,,,,,,,missing
Kathy's Birthday Bag,,,,,,,,,,missing
Backbar Balancing Cleansing Emulsion,Balancing Cleansing Emulsion,https://zoskinhealth.com/us/balancing-cleansing-emulsion-gbl-full-size-916100.html,https://zoskinhealth.com/dw/image/v2/BJWC_PRD/on/demandware.static/-/Sites-zoskinhealth-master/default/dwfe440920/images/Balancing%20Cleansing%20Emulsion/bce.full.plp.gbl.png?sw=520&q=65,Cleanser,"A clinically proven, conditioning gel-to-milk cleanser that supports the protective skin barrier leaving even sensitized skin soothed, supple and strong. Fragrance-, dye- and sulfate-free. Can be used as a pre-cleanse to thoroughly remove heavy makeup or tenacious sunscreen on non-sensitized skin followed by a ZO® water-soluble cleanser: Gentle Cleanser, Exfoliating Cleanser or Hydrating Cleanser. Awarded a Seal of Acceptance by the National Eczema Association.","Light Emollients: Skin-mimetic blend that conditions + supports the lipid barrier to deliver a supple, comfortable cleanse; Sugar-Derived Emulsifying Surfactants: Ultra mild, non-foaming cleansers with a light feel that lift oil + impurities without disrupting the skin barrier; Bisabolol + Oat Kernel Extract: Powerful soothers that help to visibly calm reddened + itchy skin and mitigate reactivity","Ethylhexyl Palmitate, Caprylic/Capric Triglyceride, Glycerin, C12-15 Alkyl Benzoate, Aqua/Water/Eau, Sucrose Laurate, Sucrose Stearate, Avena Sativa (Oat) Kernel Extract, Caprylyl Glycol, Bisabolol, Phospholipids, Methyl Glucose Dioleate, Sucrose Palmitate, Polysorbate 20, 1,2-Hexanediol, Potassium Sorbate.",Apply to dry skin AM + PM. Massage around face + eyes. | Gel formula will begin to melt on contact and dissolve makeup + impurities. | Apply water to transform the cleanser into an easy-to-rinse milky emulsion. Rinse thoroughly.,"Normal to Sensitized Skin, Post-Treatment",fuzzy (0.75)
Backbar Body Emulsion,,,,,,,,,,missing
Backbar Daily Power Defense,,,,,,,,,,missing
Backbar Enzymatic Peel,,,,,,,,,,missing
Backbar Exfoliating Polish,,,,,,,,,,missing
Backbar Gentle Cleanser,,,,,,,,,,missing
Backbar Growth factor,,,,,,,,,,missing
Travel Dual Action Scrub,,,,,,,,,,missing
Travel Exfoliating Cleanser,Exfoliating Cleanser,https://zoskinhealth.com/us/exfoliating-cleanser-gbl-full-size-962000.html,https://zoskinhealth.com/dw/image/v2/BJWC_PRD/on/demandware.static/-/Sites-zoskinhealth-master/default/dwd0c48db3/images/EXFOLIATING%20CLEANSER/exf.cleanser.full.plp.gbl.png?sw=520&q=65,Cleanser,Clears away surface oil and impurities without leaving skin feeling stripped or dry,"Jojoba esters: Round, biodegradable beads gently exfoliate away dead skin cells that can clog pores; Salicylic Acid: Penetrates deep into pores to clear debris; Vitamin E beads: Burst on application to provide nourishing antioxidant benefit","Aqua/Water/Eau, Sodium Laureth Sulfate, Acrylates Copolymer, Jojoba Esters, Glycerin,Cocamidopropyl Betaine, Mannitol, Cellulose, Spiraea Ulmaria Extract, Disodium Cocoamphodiacetate, Cocamidopropyl Hydroxysultaine, Tocopheryl Acetate, Niacin, Niacinamide, Caprylyl Glycol, Laureth-2, Hexylene Glycol, Sodium Sulfate, Disodium EDTA, Ammonium Lactate, Salicylic Acid, Hydroxypropyl Methylcellulose, Sodium PCA,Biosaccharide Gum-1, Butylene Glycol, Sodium Chloride, Sodium Hydroxide, Phenoxyethanol, Ethylhexylglycerin, Benzoic Acid, Fragrance/Parfum, Chromium Hydroxide Green (CI 77289), Citronellol, Hexyl Cinnamal, Limonene, Linalool. We are continually innovating and adapting to new regulations. As a result, depending on when and where the product was purchased, the ingredient lists on this website may differ from product packaging. Please refer to your product packaging for ingredient information specific to your product.",Massage a small amount on damp face and neck. Rinse thoroughly. Have questions on the recommended order to apply your ZO® products? Contact your local physician or use our live chat to speak to a ZO® Skincare Specialist for more information.,Oily + Blemish-Prone Skin,fuzzy (0.70)
Travel Exfoliating Polish,,,,,,,,,,missing
Travel Gentle Cleanser,,,,,,,,,,missing
Travel Hydrating Cleanser,,,,,,,,,,missing
10% Vitamin C,,,,,,,,,,missing
Accelerated Brightalive Serum,,,,,,,,,,missing
Accelerated Firming Serum,,,,,,,,,,missing
Accelerated Rozatrol Serum,,,,,,,,,,missing
Acne Control,,,,,,,,,,missing
Anti-Aging Program Kit,Anti-Aging Program,https://zoskinhealth.com/us/anti-aging-program-kit-gbl-kit-973310.html,https://zoskinhealth.com/dw/image/v2/BJWC_PRD/on/demandware.static/-/Sites-zoskinhealth-master/default/dwbd3ae5d6/images/ANTI%20AGING%20PROGRAM/aa.kit.box.plp.gbl1.png?sw=520&q=65,programs-kits,A moderate skincare program for the reduction of early or significant signs of environmental and chronological aging. Product Regimen: Exfoliating Cleanser - 60 mL / 2 Fl. Oz. (Travel Size) Exfoliating Polish - 16.2 g / 0.57 Oz. (Travel Size) Complexion Renewal Pads - 30 Pads (Travel Size) Daily Power Defense - 30 mL / 1 Fl. Oz. (Travel Size) Growth Factor Serum - 30 mL / 1 Fl. Oz. (Full Size),,,,"All Skin Types, Anti-Aging",fuzzy (0.91)
Balancing Cleansing Emulsion,Balancing Cleansing Emulsion,https://zoskinhealth.com/us/balancing-cleansing-emulsion-gbl-full-size-916100.html,https://zoskinhealth.com/dw/image/v2/BJWC_PRD/on/demandware.static/-/Sites-zoskinhealth-master/default/dwfe440920/images/Balancing%20Cleansing%20Emulsion/bce.full.plp.gbl.png?sw=520&q=65,Cleanser,"A clinically proven, conditioning gel-to-milk cleanser that supports the protective skin barrier leaving even sensitized skin soothed, supple and strong. Fragrance-, dye- and sulfate-free. Can be used as a pre-cleanse to thoroughly remove heavy makeup or tenacious sunscreen on non-sensitized skin followed by a ZO® water-soluble cleanser: Gentle Cleanser, Exfoliating Cleanser or Hydrating Cleanser. Awarded a Seal of Acceptance by the National Eczema Association.","Light Emollients: Skin-mimetic blend that conditions + supports the lipid barrier to deliver a supple, comfortable cleanse; Sugar-Derived Emulsifying Surfactants: Ultra mild, non-foaming cleansers with a light feel that lift oil + impurities without disrupting the skin barrier; Bisabolol + Oat Kernel Extract: Powerful soothers that help to visibly calm reddened + itchy skin and mitigate reactivity","Ethylhexyl Palmitate, Caprylic/Capric Triglyceride, Glycerin, C12-15 Alkyl Benzoate, Aqua/Water/Eau, Sucrose Laurate, Sucrose Stearate, Avena Sativa (Oat) Kernel Extract, Caprylyl Glycol, Bisabolol, Phospholipids, Methyl Glucose Dioleate, Sucrose Palmitate, Polysorbate 20, 1,2-Hexanediol, Potassium Sorbate.",Apply to dry skin AM + PM. Massage around face + eyes. | Gel formula will begin to melt on contact and dissolve makeup + impurities. | Apply water to transform the cleanser into an easy-to-rinse milky emulsion. Rinse thoroughly.,"Normal to Sensitized Skin, Post-Treatment",exact
Brightalive,Brightalive®,https://zoskinhealth.com/us/brightalive-gbl-full-size-940700.html,https://zoskinhealth.com/dw/image/v2/BJWC_PRD/on/demandware.static/-/Sites-zoskinhealth-master/default/dw1919166b/images/BRIGHTALIVE/brighta.full.plp.gbl.png?sw=520&q=65,Treatment,"A technologically advanced skin brightener clinically proven to increase luminosity, visibly improve skin clarity and fade the appearance of dark spots for a brighter, more even complexion. Non-hydroquinone and non-retinol. Named one of The Best Dark Spot Correctors for Brighter, Glowing Skin - Harper's Bazaar Brightalive in Action","Intelligent peptide drone: Precisiondriven encapsulated peptide aids in fast onset of skin brightening; Tranexamic Acid: Helps minimize discoloration without irritation or sensitivity; Niacinamide: Form of vitamin b3; helps to reduce the appearance of uneven skin tone + supports skin's barrier function; Papain: Provides gentle, enzymatic exfoliation to improve skin texture and tone; Beta glucan, licorice derivative: Help to calm + soothe skin","Aqua/Water/Eau, Glycerin, Dimethicone, Niacinamide, Caprylyl Methicone, C12-15 Alkyl Benzoate, Glyceryl Stearate, PEG-100 Stearate, Acrylamide/Ammonium Acrylate Copolymer, Aminopropyl Ascorbyl Phosphate, Cetyl Alcohol, PEG-12 Dimethicone/PPG-20 Crosspolymer, Tranexamic Acid, Acetyl Glucosamine, Dipotassium Glycyrrhizate, Diglucosyl Gallic Acid, Beta-Glucan, Papain, Lactic Acid/Glycolic Acid Copolymer, Palmitoyl sh-Octapeptide-24 Amide, Palmitoyl sh-Tripeptide-5 Norisoleucyl sh-Nonapeptide-1, Elaeis Guineensis (Palm) Oil, Gossypium Herbaceum (Cotton) Seed Oil, Linum Usitatissimum (Linseed) Seed Oil, Bidens Pilosa Extract, Tocopherol, Sodium Bisulfite, Tocopheryl Acetate, Ascorbic Acid, Retinyl Palmitate, XanthanGum, Polyisobutene, PolymethylMethacrylate, Polyvinyl Alcohol, Polysorbate 20, Disodium EDTA, 1,2-Hexanediol, Carbomer, Algin, Sodium Hydroxide, Fragrance/Parfum, Phenoxyethanol, Caprylyl Glycol, Chlorphenesin, Pentylene Glycol. We are continually innovating and adapting to new regulations. As a result, depending on when and where the product was purchased, the ingredient lists on this website may differ from product packaging. Please refer to your product packaging for ingredient information specific to your product.","Apply to clean, dry skin AM + PM. Have questions on the recommended order to apply your ZO® products? Contact your local physician or use our live chat to speak to a ZO® Skincare Specialist for more information.","All Skin Types, Brightening, TSA Approved",exact
Broad Spectrum Sunscreeen,Sheer Fluid Broad-Spectrum Sunscreen SPF 50,https://zoskinhealth.com/us/sheer-fluid-broad-spectrum-spf-50-us-full-size-916700.html,https://zoskinhealth.com/dw/image/v2/BJWC_PRD/on/demandware.static/-/Sites-zoskinhealth-master/default/dwd77764ea/images/SHEER%20FLUID/sf.full.plp.us.png?sw=520&q=65,SPF / Sunscreen,Mineral fluid sunscreen with a natural bare-faced finish for all skin types. Antioxidant-rich formula defends skin against environmental aggressors. Fragrance-free.,"Non-Nano Zinc oxide (22%): Provides broad-spectrum protection against UVA + UVB rays; Melanin: Defends skin against high-energy visible (HEV) blue light emitted from the sun + electronic devices; ZOX¹²®: Exclusive antioxidant complex of encapsulated vitamins A, C, and E delivers 12 hours of defense against free radical damage from environmental aggressors; Bisabolol, ethyl ferulate, rosemary extract: Lend additional antioxidant protection while soothing heated skin","Active Ingredients: Zinc Oxide 22.0% Inactive Ingredients: Dimethicone, Water, C12-15 Alkyl Benzoate, Dicaprylyl Carbonate, Cetyl PEG/PPG-10/1 Dimethicone, Silica, Glycerin, Butylene Glycol, Argania Spinosa Kernel Oil, Tocopheryl Acetate, Polysorbate 20, Dimethicone Crosspolymer, Ethyl Ferulate, Triethoxycaprylylsilane, Bisabolol, Phenoxyethanol, Polymethyl Methacrylate, Caprylyl Glycol, Chlorphenesin, Sodium Chloride, Helianthus Annuus (Sunflower) Seed Oil, Sodium Citrate, Melanin, Pentylene Glycol, 1,2-Hexanediol, Ascorbic Acid, Retinyl Palmitate, Beta-Glucan, Rosmarinus Officinalis (Rosemary) Leaf Extract, Tocopherol, Ethylhexylglycerin, Iron Oxides. We are continually innovating and adapting to new regulations. As a result, depending on when and where the product was purchased, the ingredient lists on this website may differ from product packaging. Please refer to your product packaging for ingredient information specific to your product.",Shake well before dispensing. | Apply liberally 15 minutes before sun exposure. | Use a water-resistant sunscreen if swimming or sweating. | Reapply at least every 2 hours.,"All Skin Types, Sun Protection, TSA Approved",fuzzy (0.73)
Calming Toner 180ml,Calming Toner,https://zoskinhealth.com/us/calming-toner-gbl-2020-full-size-920500.html,https://zoskinhealth.com/dw/image/v2/BJWC_PRD/on/demandware.static/-/Sites-zoskinhealth-master/default/dwb43ac47a/images/CALMING%20TONER/calmtone.full.plp.gbl.png?sw=520&q=65,Toner,Toner helps to refresh + calm the complexion Named one of the Women's Health Best of Skincare Award Winners - Women's Health Magazine,"Sodium hyaluronate, sodium PCA, panthenol: Humectant blend that helps to retain + replenish hydration","Aqua/Water/Eau, Hamamelis Virginiana (Witch Hazel) Extract, Polysorbate 80, Glycolic Acid, Allantoin, Sodium PCA, Menthoxypropanediol, Sodium Hyaluronate, Disodium EDTA, Panthenol, Xanthan Gum, Fragrance (Parfum), Alpha-Isomethyl Ionone, Benzyl Salicylate, Hydroxyisohexyl 3-Cyclohexene Carboxaldehyde, Citronellol, Eugenol, Sodium Hydroxide, Ethylhexylglycerin, Phenoxyethanol. We are continually innovating and adapting to new regulations. As a result, depending on when and where the product was purchased, the ingredient lists on this website may differ from product packaging. Please refer to your product packaging for ingredient information specific to your product.","After exfoliating, apply to face and neck with cotton pad AM/PM. For best results, follow with the rest of your ZO ® Skin Health Regimen. Have questions on the recommended order to apply your ZO® products? Contact your local physician or use our live chat to speak to a ZO® Skincare Specialist for more information.","Normal to Dry Skin, Normal to Sensitized Skin",fuzzy (0.83)
Complexion Clarifying Serum,Complexion Clarifying Serum,https://zoskinhealth.com/us/complexion-clarifying-serum-gbl-full-size-922700.html,https://zoskinhealth.com/dw/image/v2/BJWC_PRD/on/demandware.static/-/Sites-zoskinhealth-master/default/dw3c2378cf/images/COMPLEXION%20CLARIFYING%20SERUM/ccserum.full.plp.gbl.png.png?sw=520&q=65,Serum,"Complexion Clarifying Serum is a water-based serum engineered with Z-SEB 3TM , ZO’s exclusive sebum-targeting science, clinically shown to reduce surface oil, congestion + visible redness for a continually clear + balanced complexion. This foundational daily face serum is formulated for a range of skin types, especially combination, oily + blemish-prone skin. Fragrance- and alcohol-free.","Z-SEB³™ (Eugenia uniflora leaf extract, Syringa vulgaris extract, Rosa Canina extract): Sebum-targeting complex minimizes excess surface sebum and helps promote a balanced microbiome for a clear + shine-free complexion; Water-Soluble Salicylic Acid: Powerfully decongests skin + refines the look of pores in a gentle, non-drying delivery; ZO-RRS2®: Exclusive plant stem cell complex that soothes visible redness while neutralizing damaging free radicals; ZPOLY™: Exclusive plant-derived polysaccharide complex that supports skin’s protective barrier + helps minimize signs of premature skin aging","Aqua/Water/Eau, Propanediol, Glycerin, Salicylic Acid, Sodium Polyacrylate, Butylene Glycol, Eugenia Uniflora Leaf Extract, Laminaria Digitata Extract, Rosa Canina Fruit Extract, Syringa Vulgaris (Lilac) Extract, Opuntia Ficus-Indica Stem Extract, Leontopodium Alpinum Meristem Cell Culture, Marrubium Vulgare Meristem Cell Culture, Lecithin, Galactoarabinan, Schizophyllan, Maltodextrin, Caprylyl Glycol, Phytic Acid, Trisodium Ethylenediamine Disuccinate, Inulin Lauryl Carbamate, Acacia Senegal Gum, Xanthan Gum, Mannitol, Sodium Citrate, Hydroxyacetophenone, Trehalose, Sodium Bisulfite, Ergothioneine, Phenoxyethanol, Chlorphenesin, Benzyl Alcohol, Potassium Sorbate, Sodium Benzoate. We are continually innovating and adapting to new regulations. As a result, depending on when and where the product was purchased, the ingredient lists on this website may differ from product packaging. Please refer to your product packaging for ingredient information specific to your product.","Apply to clean, dry skin morning and night.","All Skin Types, Oily + Blemish-Prone Skin, Redness, TSA Approved",exact
Complexion Clearing Masque,Complexion Clearing Program,https://zoskinhealth.com/us/complexion-clearing-program-kit-gbl-kit-973002.html,https://zoskinhealth.com/dw/image/v2/BJWC_PRD/on/demandware.static/-/Sites-zoskinhealth-master/default/dwd807dfa8/images/COMPLEXION%20CLEARING%20PROGRAM/ccprogram.box.plp.gbl.png?sw=520&q=65,programs-kits,"A comprehensive program designed to minimize excess surface oil, unclog and cleanse pores and eliminate future breakouts. Product Regimen: Exfoliating Cleanser - 200 mL / 6.7 Fl. Oz. (Full Size) Exfoliating Polish - 65 g / 2.3 Oz. (Full Size) Complexion Renewal Pads - 60 Pads (Full Size) Complexion Clearing Masque - 85 g / 3 Oz. (Full Size)",,,,Oily + Blemish-Prone Skin,fuzzy (0.78)
Complexion Clearing Program Kit,Complexion Clearing Program,https://zoskinhealth.com/us/complexion-clearing-program-kit-gbl-kit-973002.html,https://zoskinhealth.com/dw/image/v2/BJWC_PRD/on/demandware.static/-/Sites-zoskinhealth-master/default/dwd807dfa8/images/COMPLEXION%20CLEARING%20PROGRAM/ccprogram.box.plp.gbl.png?sw=520&q=65,programs-kits,"A comprehensive program designed to minimize excess surface oil, unclog and cleanse pores and eliminate future breakouts. Product Regimen: Exfoliating Cleanser - 200 mL / 6.7 Fl. Oz. (Full Size) Exfoliating Polish - 65 g / 2.3 Oz. (Full Size) Complexion Renewal Pads - 60 Pads (Full Size) Complexion Clearing Masque - 85 g / 3 Oz. (Full Size)",,,,Oily + Blemish-Prone Skin,fuzzy (0.94)
Complexion Renewal Pads 60ct,Complexion Renewal Pads,https://zoskinhealth.com/us/complexion-renewal-pads-gbl-full-size-928000.html,https://zoskinhealth.com/dw/image/v2/BJWC_PRD/on/demandware.static/-/Sites-zoskinhealth-master/default/dw8541624c/images/COMPLEXION%20RENEWAL%20PADS/comprenpads.full.plp.gbl.png?sw=520&q=65,Toner,"Removes excess surface oil and pore-clogging debris. As part of our ongoing commitment to sustainability, we've transitioned to a new pad material for our Complexion Renewal Pads, replacing microplastic particles with a 100% plant-based alternative. Expect a new feel upon use, but the proven formula remains unchanged.","Glycolic Acid + Salicylic Acid: Help to smooth, brighten and decongest skin; Botanical extract blend: Provides antioxidant benefits; Viscose pads: 100% plant-based pads provide gentle smoothing benefits","Aqua/Water/Eau, Alcohol, Propylene Glycol, Salicylic Acid, Urea,Pterocarpus SoyauxiiWood Extract, Phellodendron Amurense Bark Extract, Hordeum Distichon/Barley Extract/Extrait d’orge à deux rangs, Camellia Sinensis LeafExtract, Artemisia Vulgaris Extract, Plantago Lanceolata Leaf Extract, Crithmum Maritimum Extract, Spiraea Ulmaria Extract,Sodium Hydroxide, Glycolic Acid, Butylene Glycol, Sodium Carbonate, Sodium Chloride, Disodium EDTA, t-Butyl Alcohol, Denatonium Benzoate, Phenoxyethanol, Fragrance/Parfum, Citronellol, Hexyl Cinnamal, Limonene, Linalool. We are continually innovating and adapting to new regulations. As a result, depending on when and where the product was purchased, the ingredient lists on this website may differ from product packaging. Please refer to your product packaging for ingredient information specific to your product.",Gently wipe over face.,All Skin Types,fuzzy (0.91)
Daily Power Defense,Daily Power Defense,https://zoskinhealth.com/us/daily-power-defense-gbl-full-size-969700.html,https://zoskinhealth.com/dw/image/v2/BJWC_PRD/on/demandware.static/-/Sites-zoskinhealth-master/default/dwffea0432/images/DAILY%20POWER%20DEFENSE/dpd.full.plp.gbl.png?sw=520&q=65,Treatment,"Next-generation Daily Power Defense has been elevated with ZO®’s exclusive technologies – including new ZPOLY™ complex – to enable a long-lasting, youthful and healthy skin complexion. This advanced serum is clinically shown to support skin’s protective barrier while defending against environmental stressors and premature signs of aging. Next-Generation Daily Power Defense in Action","Vitamins A + E: Potent antioxidants that protect against environmental skin aging; ZO-RRS2®: Exclusive plant stem cell complex that helps to neutralize free radicals while soothing visible redness; ZPOLY™: Exclusive plant-derived polysaccharide complex that minimizes signs of premature aging while infusing extended hydration; Micrococcus lysate, arabidopsis thaliana extract: Specialized enzymes that encourage optimum skin cell health","Aqua/Water/Eau, Dicaprylyl Carbonate, Cetearyl Isononanoate, Glycerin, Pentylene Glycol, Cetearyl Alcohol, Steareth-20, Safflower Oil/Palm Oil Aminopropanediol Esters, Laminaria Digitata Extract, Opuntia Ficus-Indica Stem Extract, Arabidopsis Thaliana Extract, Marrubium Vulgare Meristem Cell Culture, Leontopodium Alpinum Meristem Cell Culture, RetinylPalmitate, Tocopheryl Acetate, Tocopherol, Micrococcus Lysate, Caprylyl Glycol, Hexylene Glycol, Lactose, Galactoarabinan, Lecithin, Schizophyllan, Beta-Glucan, 1,2-Hexanediol, Carbomer, Cellulose, Maltodextrin, C14-22 Alcohols, Cetearyl Glucoside, C12-20 Alkyl Glucoside, Hydroxypropyl Methylcellulose, Disodium EDTA, Sodium Hydroxide, Phenoxyethanol, Ethylhexylglycerin, Sodium Benzoate, Fragrance/Parfum, Ultramarines (CI77007), Limonene. EU Allergen Declaration (if applicable): This product is a leave-on; at or more than 0.001%, allergens must be listed. This product is a rinse-off; at or more than 0.01%, allergens must be listed. This product has no allergens. We are continually innovating and adapting to new regulations. As a result, depending on when and where the product was purchased, the ingredient lists on this website may differ from product packaging. Please refer to your product packaging for ingredient information specific to your product.","Apply to clean, dry skin AM and PM. Have questions on the recommended order to apply your ZO® products? Contact your local physician or use our live chat to speak to a ZO® Skincare Specialist for more information.","All Skin Types, Anti-Aging, TSA Approved",exact
Daily Sheer Sunscreen,,,,,,,,,,missing
Daily Skincare Program Kit,,,,,,,,,,missing
Dual Action Scrub,Dual Action Scrub,https://zoskinhealth.com/us/dual-action-scrub-gbl-full-size-973440.html,https://zoskinhealth.com/dw/image/v2/BJWC_PRD/on/demandware.static/-/Sites-zoskinhealth-master/default/dwcf13ad9f/images/DUAL%20ACTION%20SCRUB/dualscrub.full.plp.gbl.png?sw=520&q=65,Scrub,Dual chemical and physical exfoliation gently clears breakouts while leaving skin exceptionally smooth and radiant Named one of the 25 Best Facial Scrubs and Exfoliators for Glowing Skin - Reader's Digest,"Lactic Acid + Salicylic Acid: Chemically exfoliates dead skin cells + decongest pores; Round wax beads: Provide non-abrasive, eco-friendly physical exfoliation; ZO-RRS2®: Exclusive plant stem cell complex that helps to neutralize free radicals while soothing visible redness","PEG-6, Synthetic Wax, Hydrogenated Castor Oil, Glycerin, Lactic Acid, C20-40 Pareth-40, Salicylic Acid, Aqua/Water/Eau, Cetearyl Alcohol, Polysorbate 80, Sodium PCA, Candelilla Cera/Euphorbia Cerifera (Candelilla) Wax/Cire de candelilla, Melaleuca Alternifolia (Tea Tree) Leaf Oil, Ceteareth-20, Hydrogenated Jojoba Oil, Leontopodium Alpinum Meristem Cell Culture, Marrubium Vulgare Meristem Cell Culture, Fragrance/Parfum, Tocopheryl Acetate, Lecithin, Polymethyl Methacrylate, Retinyl Palmitate, Ascorbic Acid, Polyethylene, Phenoxyethanol, Ultramarines (CI 77007). We are continually innovating and adapting to new regulations. As a result, depending on when and where the product was purchased, the ingredient lists on this website may differ from product packaging. Please refer to your product packaging for ingredient information specific to your product.",Gently massage a small amount on damp face and neck. Rinse thoroughly. Have questions on the recommended order to apply your ZO® products? Contact your local physician or use our live chat to speak to a ZO® Skincare Specialist for more information.,"Oily + Blemish-Prone Skin, AM or PM",exact
Enzymatic Peel,Enzymatic Peel,https://zoskinhealth.com/us/enzymatic-peel-gbl-full-size-905100.html,https://zoskinhealth.com/dw/image/v2/BJWC_PRD/on/demandware.static/-/Sites-zoskinhealth-master/default/dw2a4844a9/images/ENZYMATIC%20PEEL/enzpeel.full.plp.gbl.new.png?sw=520&q=65,Peel,"At-home peel formulated to create a softer, brighter skin appearance","Papain and bromelain enzymes and glycolic acid (AHA): Provides enzymatic and chemical exfoliation to remove dead skin cells; Diglycerin, kukui seed oil and safflower seed oil: Replenishes hydration and lipids for skin barrier restoration and reinforcement","Aqua/Water/Eau, Cyclopentasiloxane, Glycolic Acid, Dimethicone, Methylheptyl Isostearate, Cetyl Alcohol, Diglycerin, Dimethicone Crosspolymer, Glyceryl Stearate, PEG-100 Stearate, Isohexadecane, Helianthus Annuus (Sunflower) Seed Oil, Dimethiconol, Carthamus Tinctorius (Safflower) Seed Oil, Maltodextrin, Aleurites Moluccanus Seed Oil, Brassica Oleracea Italica (Broccoli) Extract, Oleth-20, Bromelain, Algin, Tocopherol, Papain, Xanthan Gum, Carbomer, Disodium EDTA , Caprylyl Glycol, 1,2-Hexanediol, Ascorbyl Palmitate, Sodium Hydroxide, Phenoxyethanol, Chlorphenesin. We are continually innovating and adapting to new regulations. As a result, depending on when and where the product was purchased, the ingredient lists on this website may differ from product packaging. Please refer to your product packaging for ingredient information specific to your product.","Use 1-2 times per week or as needed. Apply to clean, dry skin at night. Leave on for 1-3 hours. Rinse if desired. Does not require rinsing. Warning: This product contains alpha hydroxy acids (AHAs) that may increase your skin’s sensitivity to the sun and particularly the possibility of sunburn. Use a sunscreen, wear protective clothing, and limit sun exposure while using this product and for a week afterward. Have questions on the recommended order to apply your ZO® products? Contact your local physician or use our live chat to speak to a ZO® Skincare Specialist for more information.","All Skin Types, Anti-Aging, TSA Approved",exact
Exfoliating Cleanser,Exfoliating Cleanser,https://zoskinhealth.com/us/exfoliating-cleanser-gbl-full-size-962000.html,https://zoskinhealth.com/dw/image/v2/BJWC_PRD/on/demandware.static/-/Sites-zoskinhealth-master/default/dwd0c48db3/images/EXFOLIATING%20CLEANSER/exf.cleanser.full.plp.gbl.png?sw=520&q=65,Cleanser,Clears away surface oil and impurities without leaving skin feeling stripped or dry,"Jojoba esters: Round, biodegradable beads gently exfoliate away dead skin cells that can clog pores; Salicylic Acid: Penetrates deep into pores to clear debris; Vitamin E beads: Burst on application to provide nourishing antioxidant benefit","Aqua/Water/Eau, Sodium Laureth Sulfate, Acrylates Copolymer, Jojoba Esters, Glycerin,Cocamidopropyl Betaine, Mannitol, Cellulose, Spiraea Ulmaria Extract, Disodium Cocoamphodiacetate, Cocamidopropyl Hydroxysultaine, Tocopheryl Acetate, Niacin, Niacinamide, Caprylyl Glycol, Laureth-2, Hexylene Glycol, Sodium Sulfate, Disodium EDTA, Ammonium Lactate, Salicylic Acid, Hydroxypropyl Methylcellulose, Sodium PCA,Biosaccharide Gum-1, Butylene Glycol, Sodium Chloride, Sodium Hydroxide, Phenoxyethanol, Ethylhexylglycerin, Benzoic Acid, Fragrance/Parfum, Chromium Hydroxide Green (CI 77289), Citronellol, Hexyl Cinnamal, Limonene, Linalool. We are continually innovating and adapting to new regulations. As a result, depending on when and where the product was purchased, the ingredient lists on this website may differ from product packaging. Please refer to your product packaging for ingredient information specific to your product.",Massage a small amount on damp face and neck. Rinse thoroughly. Have questions on the recommended order to apply your ZO® products? Contact your local physician or use our live chat to speak to a ZO® Skincare Specialist for more information.,Oily + Blemish-Prone Skin,exact
Exfoliating Polish,Exfoliating Polish,https://zoskinhealth.com/us/exfoliating-polish-gbl-full-size-900400.html,https://zoskinhealth.com/dw/image/v2/BJWC_PRD/on/demandware.static/-/Sites-zoskinhealth-master/default/dw58428331/images/EXFOLIATING%20POLISH/exfpol.full.plp.gbl.png?sw=520&q=65,Exfoliant,"Gently removes dead skin cells to instantly reveal smoother, softer + glowing skin Named one of the 6 Best Face Scrubs to Exfoliate Your Way to Smooth Skin - Good Housekeeping Institute Beauty Lab",Ultra-fine magnesium oxide crystals: Slough away dead skin cells; Tetrahexyldecyl ascorbate: Stable vitamin c that works to minimize the look of dark spots,"PEG-8, Sodium Bicarbonate, Magnesium Oxide, Ethoxydiglycol, Glycerin, Butylene Glycol, Oleth-20, Trihydroxystearin, Glyceryl Stearate, PEG-100 Stearate, Paraffinum Liquidum/Mineral Oil/Huile minérale, Aqua/Water/Eau, Tocopheryl Acetate, Melaleuca Alternifolia (Tea Tree) Leaf Oil, Glycine Soja (Soybean) Sterols, Fragrance (Parfum), Limonene, Linalool, Ascorbyl Palmitate, Retinyl Palmitate, Stearyl Glycyrrhetinate, Tetrahexyldecyl Ascorbate, Caprylic/Capric Triglyceride, Linoleic Acid, Phospholipids, Phenoxyethanol, Green 6 (CI 61565) We are continually innovating and adapting to new regulations. As a result, depending on when and where the product was purchased, the ingredient lists on this website may differ from product packaging. Please refer to your product packaging for ingredient information specific to your product.","After cleansing, gently massage a small amount on damp face and neck 2-3 times/week to start building up to every day use; dry + sensitized skin may require less use. Rinse thoroughly. For best results, follow with the rest of your Getting Skin Ready ® Regimen. Have questions on the recommended order to apply your ZO® products? Contact your local physician or use our live chat to speak to a ZO® Skincare Specialist for more information.","All Skin Types, Normal to Dry Skin, AM or PM, TSA Approved",exact
Exfoliation Accelerator 50ml,,,,,,,,,,missing
Eye Brightening Creme,,,,,,,,,,missing
Firming Serum,Firming Serum,https://zoskinhealth.com/us/firming-serum-gbl-full-size-912700.html,https://zoskinhealth.com/dw/image/v2/BJWC_PRD/on/demandware.static/-/Sites-zoskinhealth-master/default/dw31516750/images/FIRMING%20SERUM/firmser.full.plp.gbl.png?sw=520&q=65,Serum,"An anti-aging breakthrough in skin structure + shape. This mild, lightweight and tolerable formulation is indicated for all skin types and sensitive skin areas to reinforce skin health and hydrate to support the visible improvement in skin elasticity and firmness.",Sodium DNA: Supports the appearance of a more visibly defined facial contour; ZCORE™ complex: Helps improve the appearance of visibly sagging skin; ZO-RRS²®: Exclusive plant stem cell complex that provides powerful antioxidant benefits,"Aqua/Water/Eau, Glycerin, Propanediol, Dipropylene Glycol, Sodium DNA, Leontopodium Alpinum Meristem Cell Culture, Marrubium Vulgare Meristem Cell Culture, Melilotus Officinalis Extract, Tocopheryl Acetate, Retinyl Palmitate, Caprooyl Tetrapeptide-3, Lecithin, Dextran, Hydroxypropyl Methylcellulose, Carbomer, Aminomethyl Propanol, Cellulose, Polysorbate 20, Caprylyl Glycol, Lactose, Ethylhexylglycerin, Hexylene Glycol, Disodium EDTA, Citric Acid, Phenoxyethanol, Fragrance/Parfum, Ultramarines (CI 77007), Ext. Violet 2 (CI 60730), Limonene. We are continually innovating and adapting to new regulations. As a result, depending on when and where the product was purchased, the ingredient lists on this website may differ from product packaging. Please refer to your product packaging for ingredient information specific to your product.","Apply to clean, dry skin AM/PM. Have questions on the recommended order to apply your ZO® products? Contact your local physician or use our live chat to speak to a ZO® Skincare Specialist for more information.","All Skin Types, Anti-Aging, TSA Approved",exact
Gel Sunscreen,,,,,,,,,,missing
Gentle Cleanser,Gentle Cleanser,https://zoskinhealth.com/us/gentle-cleanser-gbl-full-size-973210.html,https://zoskinhealth.com/dw/image/v2/BJWC_PRD/on/demandware.static/-/Sites-zoskinhealth-master/default/dwbfa94170/images/GENTLE%20CLEANSER/gencleans.full.plp.gbl.png?sw=520&q=65,Cleanser,Cleanses impurities for refreshed-feeling skin,Sodium lauroyl oat amino acids: Supports skin barrier function and prevents post-cleansing dryness; Botanical extract blend: Provides antioxidant benefits,"Aqua/Water/Eau, Sodium Laureth Sulfate, Cocoamidopropyl Betaine, Sodium Lauroyl Oat Amino Acids, Sodium Chloride, Artemisia Vulgaris Extract, Camellia Sinensis Leaf Extract, Crithmum Maritimum Extract, Hordeum Distichon/Barley Extract/Extrait d’orge à deux rangs, Phellodendron Amurense Bark Extract, Plantago Lanceolata Leaf Extract, Pterocarpus Soyauxii Wood Extract, Spiraea Ulmaria Extract, Butylene Glycol,Glycerin,Tetrasodium EDTA, Phenoxyethanol,Ethylhexylglycerin, Benzoic Acid, Fragrance/Parfum, Blue 1 (CI 42090), Red 33 (CI 17200), Citronellol, Hexyl Cinnamal, Limonene, Linalool. We are continually innovating and adapting to new regulations. As a result, depending on when and where the product was purchased, the ingredient lists on this website may differ from product packaging. Please refer to your product packaging for ingredient information specific to your product.","Massage a small amount on damp face and neck AM/PM. Rinse thoroughly. For best results, follow with the rest of your Getting Skin Ready® Regimen. Have questions on the recommended order to apply your ZO® products? Contact your local physician or use our live chat to speak to a ZO® Skincare Specialist for more information.",All Skin Types,exact
Getaway Kit,,,,,,,,,,missing
Growth Factor EYE Serum,Growth Factor Eye Serum,https://zoskinhealth.com/us/growth-factor-eye-serum-gbl-full-size-973130.html,https://zoskinhealth.com/dw/image/v2/BJWC_PRD/on/demandware.static/-/Sites-zoskinhealth-master/default/dw53e15eca/images/GROWTH%20FACTOR%20EYE%20SERUM/gfes.full.plp.gbl.png?sw=520&q=65,Serum,"Powered by clinically proven ZO ® Growth Factor technology, Growth Factor Eye Serum is designed to help improve the appearance of expression lines, creasing + hollowness while plumping + encouraging healthy skin for a visibly revived look. The cooling applicator soothes the skin + re-invigorates the look of tired eyes. Growth Factor Eye Serum in Action","ZO® Growth Factor Technology: Enzymatic + plantderived growth factors; Neuropeptide: Fast acting; improves the appearance of lines + wrinkles; Sodium acetylated hyaluronate: Advanced form of hyaluronic acid that plumps, replenishes hydration + supports a healthy skin barrier","Aqua/Water/Eau, Dimethicone, Dipropylene Glycol, Butylene Glycol, Glycerin, Bellis Perennis (Daisy) Flower Extract, Dimethicone/PEG-10/15 Crosspolymer, PEG/PPG-18/18 Dimethicone, Lupinus Albus Seed Oil, Triticum Vulgare (Wheat) Germ Oil, PEG-35 Castor Oil, Hieracium Pilosella Extract, Scutellaria Baicalensis Root Extract, Cordyceps Militaris Mycelium Extract, Glycyrrhiza Uralensis (Licorice) Root Extract, Angelica Polymorpha Sinesis Root Extract, Buddleja Davidii Meristem Cell Culture, Lactobacillus/Panax Ginseng Root Ferment Filtrate, Sodium Chloride, Dimethicone Crosspolymer, Lactobacillus Ferment, Phospholipids, Sodium Citrate, Sodium Tocopheryl Phosphate, Hydrolyzed Sericin, Cera Alba/Beeswax/Cire d’abeille, Dimethicone/Vinyl Dimethicone Crosspolymer, Sodium Acetylated Hyaluronate, Panthenyl Triacetate, Acetyl Tyrosine, Ethyl Linoleate, 1,2-Hexanediol, Pentylene Glycol, Proline, Citric Acid, Hydrolyzed Vegetable Protein, Oleyl Alcohol, Trisodium Citrate Dihydrate, Dipeptide Diaminobutyroyl Benzylamide Diacetate, Silica, Silica Silylate, Beta-Glucan, Tocopherol, Disodium Acetyl Glucosamine Phosphate, Adenosine Triphosphate, Caprylyl Glycol, Hexylene Glycol, PEG-12 Glyceryl Laurate, Acetyl Tetrapeptide-5, Xanthan Gum, Disodium EDTA, PVP, Sodium Benzoate, Sodium Dehydroacetate, Phenoxyethanol, Potassium Sorbate. We are continually innovating and adapting to new regulations. As a result, depending on when and where the product was purchased, the ingredient lists on this website may differ from product packaging. Please refer to your product packaging for ingredient information specific to your product.","Apply to clean, dry skin. Draw small, gentle circles into the eye orbital area in the AM/PM or as needed. Have questions on the recommended order to apply your ZO® products? Contact your local physician or use our live chat to speak to a ZO® Skincare Specialist for more information.","All Skin Types, Eye Care, TSA Approved",exact
Growth Factor Serum,Growth Factor Serum,https://zoskinhealth.com/us/growth-factor-serum-gbl-full-size-904400.html,https://zoskinhealth.com/dw/image/v2/BJWC_PRD/on/demandware.static/-/Sites-zoskinhealth-master/default/dw1f779e4c/images/GROWTH%20FACTOR%20SERUM/gfs.full.plp.gbl.png?sw=520&q=65,Serum,"Growth Factor Serum integrates plant and enzymatically derived growth factors with an exclusive protein complex, clinically proven to achieve a superior restoration of visible skin thickness, elasticity, smoothness + suppleness. Named one of the 13 Best Anti-Aging Serums with Growth Factors - Cosmopolitan",Disodium acetyl glucosamine phosphate and fermented red ginseng extract: Helps to restore hydration to support elasticity and firmness; ZPRO®: Supports skin’s natural replenishment of hyaluronic acid; Dipeptide diaminobutyroyl benzylamide diacetate: Minimizes the appearance of expression lines; Beta glucan and angelica polymorpha sinensis root extract: Calms and soothes skin,"Aqua/Water/Eau, Cyclopentasiloxane, Dipropylene Glycol, Propylene Glycol, Dimethicone, Glycerin, Dimethicone Crosspolymer, Dimethicone/PEG-10/15 Crosspolymer, PEG-12 Dimethicone Crosspolymer, Butylene Glycol, Dimethicone/Vinyl Dimethicone Crosspolymer, Sodium Phosphate, Panthenyl Triacetate, Phospholipids, Magnesium Sulfate, Hydrolyzed Sericin, Ethyl Linoleate, Buddleja Davidii Meristem Cell Culture, Angelica Polymorpha Sinensis Root Extract, Dipeptide Diaminobutyroyl Benzylamide Diacetate, Lactobacillus/Panax Ginseng Root Extract Ferment Filtrate, Disodium Acetyl Glucosamine Phosphate, Acetyl Tyrosine, Dimethiconol, Oleyl Alcohol, Proline, Fragrance (Parfum), Tocopherol, Beta-Glucan, Adenosine Triphosphate, Hydrolyzed Vegetable Protein, Sodium Chloride, Xanthan Gum, Phenoxyethanol. We are continually innovating and adapting to new regulations. As a result, depending on when and where the product was purchased, the ingredient lists on this website may differ from product packaging. Please refer to your product packaging for ingredient information specific to your product.","Apply to clean, dry skin at night as the last step in your skincare regimen. Have questions on the recommended order to apply your ZO® products? Contact your local physician or use our live chat to speak to a ZO® Skincare Specialist for more information.","All Skin Types, Anti-Aging, TSA Approved",exact
GSR Kit,,,,,,,,,,missing
Hydrating Cleanser,Hydrating Cleanser,https://zoskinhealth.com/us/hydrating-cleanser-gbl-full-size-965000.html,https://zoskinhealth.com/dw/image/v2/BJWC_PRD/on/demandware.static/-/Sites-zoskinhealth-master/default/dwd5b44550/images/HYDRATING%20CLEANSER/hycleanser.full.plp.gbl.png?sw=520&q=65,Cleanser,Cleanses away impurities while minimizing dryness and irritation,"Sodium hyaluronate, panthenol, glycerin, sodium PCA and urea: Multihumectant blend helps to retain and replenish hydration to support the skin barrier","Aqua/Water/Eau, Sodium Methyl Cocoyl Taurate, Sodium Cocoyl Isethionate, Glycerin, Glyceryl Stearate, PEG-100 Stearate, Stearic Acid, Glycol Distearate, Palmitic Acid, Disodium Cocoamphodiacetate, AcrylatesCopolymer, Sodium Chloride, Panthenol, Allantoin,Sodium PCA, Urea, Trehalose, Polyquaternium-51, Triacetin, Myristyl Alcohol, Cetyl Alcohol, Stearyl Alcohol, Sodium Hyaluronate, Sodium Carbonate, Sodium Hydroxide, Phenoxyethanol, Ethylhexylglycerin, Fragrance/Parfum, Red 33 (CI 17200), Yellow 6 (CI 15985), Citronellol, Hexyl Cinnamal, Limonene, Linalool. We are continually innovating and adapting to new regulations. As a result, depending on when and where the product was purchased, the ingredient lists on this website may differ from product packaging. Please refer to your product packaging for ingredient information specific to your product.","Massage a small amount on damp face and neck AM/PM. Rinse thoroughly. For best results, follow with the rest of your Getting Skin Read® Regimen. Have questions on the recommended order to apply your ZO® products? Contact your local physician or use our live chat to speak to a ZO® Skincare Specialist for more information.",Normal to Dry Skin,exact
Hydrating Creme,Hydrating Cleanser,https://zoskinhealth.com/us/hydrating-cleanser-gbl-full-size-965000.html,https://zoskinhealth.com/dw/image/v2/BJWC_PRD/on/demandware.static/-/Sites-zoskinhealth-master/default/dwd5b44550/images/HYDRATING%20CLEANSER/hycleanser.full.plp.gbl.png?sw=520&q=65,Cleanser,Cleanses away impurities while minimizing dryness and irritation,"Sodium hyaluronate, panthenol, glycerin, sodium PCA and urea: Multihumectant blend helps to retain and replenish hydration to support the skin barrier","Aqua/Water/Eau, Sodium Methyl Cocoyl Taurate, Sodium Cocoyl Isethionate, Glycerin, Glyceryl Stearate, PEG-100 Stearate, Stearic Acid, Glycol Distearate, Palmitic Acid, Disodium Cocoamphodiacetate, AcrylatesCopolymer, Sodium Chloride, Panthenol, Allantoin,Sodium PCA, Urea, Trehalose, Polyquaternium-51, Triacetin, Myristyl Alcohol, Cetyl Alcohol, Stearyl Alcohol, Sodium Hyaluronate, Sodium Carbonate, Sodium Hydroxide, Phenoxyethanol, Ethylhexylglycerin, Fragrance/Parfum, Red 33 (CI 17200), Yellow 6 (CI 15985), Citronellol, Hexyl Cinnamal, Limonene, Linalool. We are continually innovating and adapting to new regulations. As a result, depending on when and where the product was purchased, the ingredient lists on this website may differ from product packaging. Please refer to your product packaging for ingredient information specific to your product.","Massage a small amount on damp face and neck AM/PM. Rinse thoroughly. For best results, follow with the rest of your Getting Skin Read® Regimen. Have questions on the recommended order to apply your ZO® products? Contact your local physician or use our live chat to speak to a ZO® Skincare Specialist for more information.",Normal to Dry Skin,fuzzy (0.71)
Illuminating AOX,Illuminating AOX Serum,https://zoskinhealth.com/us/illuminating-aox-serum-gbl-full-size-969600.html,https://zoskinhealth.com/dw/image/v2/BJWC_PRD/on/demandware.static/-/Sites-zoskinhealth-master/default/dwb7bbc2e6/images/ILLUMINATING%20AOX/iaoxs.full.plp.gbl.png?sw=520&q=65,Treatment,"A concentrated antioxidant serum that provides protection against pollution + premature signs of aging while visibly brightening the skin with a subtly luminous, soft-focus finish New Illuminating AOX Serum in Action","ZOX¹²®: Exclusive antioxidant complex of encapsulated vitamins A, C, and E delivers 12 hours of defense against free radical damage from environmental aggressors; ZO-RRS2®: Exclusive plant stem cell complex that helps to neutralize free radicals while soothing visible redness; ZPOLY™: Exclusive plant-derived polysaccharide complex that minimizes signs of premature aging while infusing extended hydration; Micrococcus lysate, arabidopsis thaliana extracts: Specialized enzymes that encourage optimum skin cell health; Micro minerals: Provide a subtly pearlescent “soft focus” finish","Aqua/Water/Eau, Cetearyl Isononanoate, Butylene Glycol, Dimethicone, PPG-3 Benzyl Ether Myristate, Cetearyl Alcohol, Pentylene Glycol, Cetyl Alcohol, Mica, Glycerin, Safflower Oil/Palm Oil Aminopropanediol Esters, Laminaria Digitata Extract, Opuntia Ficus-Indica Stem Extract, Arabidopsis Thaliana Extract, Leontopodium Alpinum Meristem Cell Culture, Marrubium Vulgare Meristem Cell Culture, Galactoarabinan, Schizophyllan, Tocopheryl Acetate, Retinyl Palmitate, Ascorbic Acid, Squalane, Caprylyl Glycol, Pullulan, Hexylene Glycol, Silica, Polyglutamic Acid, 1,2-Hexanediol, Beta-Glucan, Micrococcus Lysate, Polysorbate 60, Sodium C14-16 Olefin Sulfonate, Disodium EDTA, Hydroxyethyl Acrylate/Sodium Acryloyldimethyl Taurate Copolymer, Cetearyl Glucoside, Lecithin, Xanthan Gum, SclerotiumGum, Polymethyl Methacrylate, Maltodextrin, Tin Oxide,Sodium Hydroxide, Phenoxyethanol, Ethylhexylglycerin, Sodium Benzoate, Fragrance/Parfum,Limonene,Titanium Dioxide (CI 77891),Iron Oxides (CI 77491). We are continually innovating and adapting to new regulations. As a result, depending on when and where the product was purchased, the ingredient lists on this website may differ from product packaging. Please refer to your product packaging for ingredient information specific to your product.","Apply to clean, dry skin in the AM as last step before sunscreen. Have questions on the recommended order to apply your ZO® products? Contact your local physician or use our live chat to speak to a ZO® Skincare Specialist for more information.","All Skin Types, Anti-Aging, TSA Approved",fuzzy (0.86)
Instant Pore Refiner,,,,,,,,,,missing
Intense Eye Cream,,,,,,,,,,missing
Oil Control Pads 60 qty,Oil Control Pads,https://zoskinhealth.com/us/oil-control-pads-us-full-size-925000.html,https://zoskinhealth.com/dw/image/v2/BJWC_PRD/on/demandware.static/-/Sites-zoskinhealth-master/default/dw99c00429/images/OIL%20CONTROL%20PADS/oilcontrol.full.plp.gbl.png?sw=520&q=65,Toner,"Triple acid treatment toner reduces the formation of blemishes, normalizes oil and the appearance of pore size. As part of our ongoing commitment to sustainability, we've transitioned to a new pad material for our Oil Control Pads, replacing microplastic particles with a 100% plant-based alternative. Expect a new feel upon use, but the proven formula remains unchanged.",Salicylic acid (2%): Chemically exfoliates poreclogging dead skin; Mandelic Acid + Glycolic Acid: Help to reduce the appearance of postacne marks and visible redness while improving skin’s texture; Viscose pads: 100% plant-based pads provide gentle smoothing benefits,"Aqua/Water/Eau, Alcohol, Butylene Glycol, Salicylic Acid, Mandelic Acid, Urea, Hamamelis Virginiana (Witch Hazel) Extract, Rosa Canina Fruit Extract, Pterocarpus SoyauxiiWood Extract, Phellondendron Amurense Bark Extract,Hordeum Distichon/Barley Extract/Extrait d’orge à deux rangs, Camellia Sinensis Leaf Extract, Artemisia Vulgaris Extract, Plantago Lanceolata Leaf Extract, Crithmum Maritimum Extract, Spiraea Ulmaria Extract, Menthyl Lactate, Sodium Hydroxide, Glycolic Acid, Sodium Carbonate, Sodium Chloride, Disodium EDTA, t-Butyl Alcohol, Denatonium Benzoate, Phenoxyethanol, Fragrance/Parfum, Citronellol, Hexyl Cinnamal, Limonene, Linalool. We are continually innovating and adapting to new regulations. As a result, depending on when and where the product was purchased, the ingredient lists on this website may differ from product packaging. Please refer to your product packaging for ingredient information specific to your product.","Clean skin thoroughly before applying this product. Apply pad to affected area with a thin layer one to three times daily. Because excessive drying of the skin may occur, start with one application daily, then gradually increase to two or three times daily if needed or as directed by a doctor. If bothersome dryness or peeling occurs, reduce application to once a day or every other day. For best results, follow with the rest of your ZO ® Skin Health Regimen. Warning: This product contains alpha hydroxy acids (AHAs) that may increase your skin’s sensitivity to the sun and particularly the possibility of sunburn. Use a sunscreen, wear protective clothing, and limit sun exposure while using this product and for a week afterward. Have questions on the recommended order to apply your ZO® products? Contact your local physician or use our live chat to speak to a ZO® Skincare Specialist for more information.",Oily + Blemish-Prone Skin,fuzzy (0.85)
Peptide Facial Refining Concentrate,Peptide Facial Refining Concentrate,https://zoskinhealth.com/us/peptide-facial-refining-concentrate-us-full-size-925200.html,https://zoskinhealth.com/dw/image/v2/BJWC_PRD/on/demandware.static/-/Sites-zoskinhealth-master/default/dw8f32b8d6/images/Peptide%20Concentrate/Peptide_Concentrate_hi-res.png?sw=520&q=65,Treatment,"Discover Peptide Facial Refining Concentrate, an advanced peptide face serum that complements the visible effects of neurotoxins and dermal fillers in a single step. This next-generation anti-wrinkle peptide concentrate is powered by four cutting-edge peptide technologies that work synergistically to smooth lines, improve elasticity + restore facial volume. In just 12 weeks, skin looks more lifted, structured + refined, with visibly improved facial geometry + youthful definition. Alcohol and fragrance-free","Acetyl Octapeptide-3: Targets the appearance of dynamic lines + wrinkles, especially around the forehead + eye area, helping this anti-wrinkle peptide serum deliver visibly smoother skin; Acetyl Hexapeptide-8: Provides greater precision in smoothing the appearance of deeper dynamic + static wrinkles; Refining Peptide Complex: A key component of this sculpting peptide serum, supporting a more visibly refined facial geometry; Volumizing Tripeptide: Supports hyaluronic acid production for fuller, plumper-looking skin; Exclusive ZPOLY™ Complex: Soothes visible redness + reinforces the skin barrier, helping maintain comfort and resilience while optimizing results from this high-performance anti-wrinkle serum","Water, Glycerin, Propanediol, Acetyl Octapeptide-3, Acetyl Hexapeptide-8, Palmitoyl Dipeptide-5 Diaminobutyroyl Hydroxythreonine, Palmitoyl Dipeptide-5 Diaminohydroxybutyrate, Laminaria Digitata Extract, Opuntia Ficus-Indica Stem Extract, Tocopherol, Caprylyl Glycol, Hexylene Glycol, Sodium Hyaluronate, Galactoarabinan, Schizophyllan, Tetradecyl Aminobutyroylvalylaminobutyric, Urea Acetate, Beta-Sitosterol, Lecithin, Hydrogenated Phosphatidylcholine, Lysolecithin, Carbomer, Xanthan Gum, Magnesium Chloride, Disodium EDTA, Phytic Acid, Maltodextrin, Squalene, Aminomethyl Propanol, Citric Acid, Phenoxyethanol, Ethylhexylglycerin, Sodium Benzoate, Potassium Sorbate",,"Anti-Aging, TSA Approved",exact
Pigment Control + Blending Creme,,,,,,,,,,missing
Pigment Control Creme,,,,,,,,,,missing
Pigment Control Program Kit,,,,,,,,,,missing
Radical Night Repair,Radical Night Repair,https://zoskinhealth.com/us/radical-night-repair-gbl-full-size-961000.html,https://zoskinhealth.com/dw/image/v2/BJWC_PRD/on/demandware.static/-/Sites-zoskinhealth-master/default/dw4fcd41b5/images/RADICAL%20NIGHT%20REPAIR/rnr.full.plp.gbl.png?sw=520&q=65,Retinol,"Formulated with 1% retinol to help improve the appearance of skin texture, uneven pigmentation and fine lines and wrinkles. Please see below anticipated reactions and directions for use for this product.","1% encapsulated retinol: Diminishes the appearance of fine lines + wrinkles while improving skin smoothness; Vitamins C, E and A: Provides additional antioxidant protection; Zanthoxylum bungeanum (sichuan pepper) fruit extract, sunflower seed oil and rosemary leaf extract: Minimizes the appearance of redness to restore a more youthful skin tone; Glycerin, sunflower seed oil, plukenetia volubilis seed oil: Hydrate and support the skin barrier with essential lipids","Cyclopentasiloxane, Dimethicone Crosspolymer, Dimethicone, Prunus Amygdalus Dulcis (Sweet Almond) Oleosomes, Aqua/Water/Eau, Glycerin, Polysorbate 20, Retinol, Plukenetia Volubilis Seed Oil, Helianthus Annus (Sunflower) Seed Oil, Leontopodium Alpinum Meristem Cell Culture, Marrubium Vulgare Meristem Cell Culture, Zanthoxylum Bungeanum Fruit Extract, Rosmarinus Officinalis (Rosemary) Leaf Extract, Zea Mays (Corn) Oil, Oleyl Alcohol, Lecithin, Diisopropyl Adipate, Tocopheryl Acetate, Ascorbyl Palmitate, Ascorbic Acid, Tocopherol, Sodium Sulfite, BHT, Beta-Carotene, Caprylyl Glycol, Fragrance (Parfum), Citral, Limonene, Phenoxyethanol, Chlorphenesin. We are continually innovating and adapting to new regulations. As a result, depending on when and where the product was purchased, the ingredient lists on this website may differ from product packaging. Please refer to your product packaging for ingredient information specific to your product.","Following cleansing, apply to clean, dry skin twice a week | Increase frequency to alternate days | Then, increase use to every day as tolerated","All Skin Types, Anti-Aging, TSA Approved",exact
Recovery Creme,,,,,,,,,,missing
Redness Relief + Barrier Defense Program,Redness Relief + Barrier Defense Program,https://zoskinhealth.com/us/redness-relief-barrier-defense-kit-gbl-kit-977400.html,https://zoskinhealth.com/dw/image/v2/BJWC_PRD/on/demandware.static/-/Sites-zoskinhealth-master/default/dwd04c04de/images/REDNESS%20RELIEF%20PROGRAM/Redness%20Kit_PLP.png?sw=520&q=65,Treatment,The Redness Relief + Barrier Defense Program is a complete system of products formulated to work synergistically to improve skin barrier function + combat multiple factors that can lead to skin sensitization and redness. Product Regimen: Gentle Cleanser (Travel Size) - 60 mL / 2 Fl. Oz. Exfoliating Polish (Travel Size) - 16.2 g / 0.57 Oz. Calming Toner (Travel Size) - 50 mL / 1.6 Fl. Oz. Daily Power Defense (Travel Size) - 30mL / 1 Fl. Oz. Rozatrol® (Travel Size) - 20 mL / 0.67 Fl. Oz. Soothing Hydro Mist - 100 mL / 3.4 Fl. Oz.,,,,"Normal to Dry Skin, Dry to Sensitized Skin, Skin Prone to Redness, Barrier Support",exact
Renewal Creme,,,,,,,,,,missing
Retinol + Acne Complex,,,,,,,,,,missing
Retinol Skin Brightener 0.5%,Retinol Skin Brightener 0.5%,https://zoskinhealth.com/us/retinol-skin-brightener-05-gbl-full-size-950300.html,https://zoskinhealth.com/dw/image/v2/BJWC_PRD/on/demandware.static/-/Sites-zoskinhealth-master/default/dw5d66883d/images/RETINOL%20SKIN%20BRIGHTENER%20.5/rsb5.full.plp.gbl.png?sw=520&q=65,Retinol,"A retinol-based solution that rapidly improves the appearance of uneven skin tone for a brighter, clearer and smoother complexion. Please see below anticipated reactions and directions for use for this product. Retinol Skin Brightener in Action",High-potency retinol: Improves skin texture + dryness and eliminates visible discoloration for brighter + smoother looking skin; Oleosome delivery: Targeted + slow release of retinol to maximize brightening benefits; Bakuchiol: Proven skin conditioner that soothes and calms skin to improve product experience; Brightening blend: Provides added support for complexion normalization,"Water/Aqua/Eau, Dimethicone, Cetearyl Isononanoate, Glycerin, Prunus Amygdalus Dulcis (Sweet Almond) Oil, Cetearyl Alcohol, Steareth-20, Pentylene Glycol, Ascorbyl Glucoside, Cetyl Alcohol, Acrylamide/Ammonium Acrylate Copolymer, Prunus Armeniaca (Apricot) Kernel Oil, Pelargonium Graveolens Flower Oil, Lavandula Angustifolia (Lavender) Oil, Propylheptyl Caprylate, Bakuchiol, Acetyl Glucosamine, Cetearyl Glucoside, Polysorbate 20, Retinol, Lecithin, Polyisobutene, Alcohol, Glutathione, Carbomer, Caprylyl Glycol, Bisabolol, 1,2-Hexanediol, Silica, Polysorbate 80, Pentaerythrityl Tetra-di-t-butylHydroxyhydrocinnamate, Disodium EDTA, Sorbitan Isostearate, BHT, Gluconolactone, Tocopheryl Acetate, Sodium Sulfite, Sodium Metabisulfite, Ascorbyl Palmitate, Soy Isoflavones, Sodium Hydroxide, Potassium Sorbate, Sodium Benzoate, Linalool, Citronellol, Geraniol, Limonene, Citral, Coumarin. We are continually innovating and adapting to new regulations. As a result, depending on when and where the product was purchased, the ingredient lists on this website may differ from product packaging. Please refer to your product packaging for ingredient information specific to your product.","Following cleansing, apply to clean, dry skin twice a week | Increase frequency to alternate days | Then, increase use to every day as tolerated","AM or PM, All Skin Types, Brightening",exact
Rozatrol,Rozatrol®,https://zoskinhealth.com/us/rozatrol-gbl-full-size-973160.html,https://zoskinhealth.com/dw/image/v2/BJWC_PRD/on/demandware.static/-/Sites-zoskinhealth-master/default/dwd8e71142/images/ROZATROL/rozatrol.full.plp.gbl.png?sw=520&q=65,Treatment,Rozatrol® is a patented serum clinically shown to visibly relieve multiple symptoms of reddened and rosacea-prone skin. Formulated with ZPOLY™ complex for enhanced redness-soothing and barrier-strengthening capability.,"Redness-Relieving Complex (Lactose, milk protein, and brassica oleracea italica extract): Provides multi-modal benefits to visibly reduce redness and soothe sensitivity; ZO-RRS2®: Exclusive plant stem cell complex soothes visible redness while providing powerful antioxidant protection; Palmitoyl glycine: Helps to reduce the look of visible redness + facial flushing; ZPOLY™: Exclusive, plant-derived polysaccharide complex infuses skin with extended hydration, helping support the skin’s protective barrier to minimize signs of premature skin aging.; Microbiome Balancing Blend (Farnesyl acetate, farnesol, panthenyl triacetate): Helps reduce excess surface sebum to promote a healthy skin microbiome for a calm, uniform complexion; Papain: Delivers mild enzymatic exfoliation to smooth bumpy texture; :","INGREDIENTS/INGRÉDIENTS Aqua/Water/Eau, Glycerin, Cetyl Alcohol, Helianthus Annuus (Sunflower) Seed Oil, C12-15 Alkyl Benzoate, Palmitoyl Glycine, Neopentyl Glycol Diethylhexanoate, Dimethicone, Panthenol, Glyceryl Stearate, PEG-100 Stearate, Potassium Cetyl Phosphate, Lactose, Lactis Proteinum/Milk Protein/Protéine du lait, Brassica Oleracea Italica (Broccoli) Extract, Farnesyl Acetate, Farnesol, Panthenyl Triacetate, Leontopodium Alpinum Meristem Cell Culture, Marrubium Vulgare Meristem Cell Culture, Lecithin, Opuntia Ficus-Indica Stem Extract, Laminaria Digitata Extract, PEG-35 Castor Oil, Carbomer/Papain Crosspolymer, Tocopherol, Xanthan Gum, Caprylyl Glycol, Hydrolyzed Algin, Neopentyl Glycol Diisostearate, Algin, Galactoarabinan, Schizophyllan, PEG-12 Glyceryl Laurate, Magnesium Aluminum Silicate, Disodium EDTA, Maltodextrin, 1,2-Hexanediol, Aminomethyl Propanol, Lactic Acid, Citric Acid, Chlorphenesin, Phenoxyethanol, Fragrance/Parfum. We are continually innovating and adapting to new regulations. As a result, depending on when and where the product was purchased, the ingredient lists on this website may differ from product packaging. Please refer to your product packaging for ingredient information specific to your product.","Apply to clean, dry skin AM + PM. Have questions on the recommended order to apply your ZO® products? Contact your local physician or use our live chat to speak to a ZO® Skincare Specialist for more information.","Normal to Dry Skin, Dry to Sensitized Skin, Redness, TSA Approved",exact
Sheer Fluid Sunscreen,,,,,,,,,,missing
Sheet Mask - Consumable,,,,,,,,,,missing
Skin Brightening & Texture Kit,,,,,,,,,,missing
Skin Brightening Program Kit,Skin Brightening Program,https://zoskinhealth.com/us/skin-brightening-program-kit-gbl-kit-973260.html,https://zoskinhealth.com/dw/image/v2/BJWC_PRD/on/demandware.static/-/Sites-zoskinhealth-master/default/dwf3b4a93e/images/SKIN%20BRIGHTENING%20PROGRAM/skin.bright.box.plp.gbl.png?sw=520&q=65,Treatment,A multi-product skincare system designed for the improvement of visible discoloration without the use of hydroquinone and retinol. Product Regimen: Gentle Cleanser - 60 mL / 2 Fl. Oz. (Travel Size) Exfoliating Polish - 16.2 g / .57 Oz. (Travel Size) Complexion Renewal Pads - 30 Pads (Travel Size) Daily Power Defense - 30 mL / 1 Fl. Oz. (Travel Size) Brightalive ® - 30 mL / 1 Fl. Oz. (Travel Size),,,,"All Skin Types, Brightening",fuzzy (0.94)
Skin Brightening Sheet Mask-retail,,,,,,,,,,missing
Skin Normalizing Kit,,,,,,,,,,missing
Smart Tone SPF 50,,,,,,,,,,missing
Soothing Hydro Mist,Soothing Hydro Mist,https://zoskinhealth.com/us/soothing-hydro-mist-gbl-full-size-924400.html,https://zoskinhealth.com/dw/image/v2/BJWC_PRD/on/demandware.static/-/Sites-zoskinhealth-master/default/dw4b18570f/images/Soothing%20Hydro%20Mist/Soothing%20Hydro%20Mist_PLP.png?sw=520&q=65,Mist,"A soothing facial mist that restores hydration, immediately calms visible redness and supports skin’s protective barrier. Lightweight formula provides ongoing relief + comfort to skin. Ideal for sensitive skin + skin prone to redness. Alcohol-, fragrance- and dye-free.","Multi-Weight Hyaluronic Acid Complex: 3 molecular weights of hyaluronic acid deliver hydration, soothe and support skin’s own levels of HA for a long-term hydrated + supple complexion; Piperonyl Glucoside: Reduces visible redness + flushing; Medicago sativa (Alfalfa) Extract: Nutrient-rich plant extract and antioxidant defends against oxidative stress and supports a healthy barrier; ZPOLY™: Exclusive, plant-derived polysaccharide complex infuses skin with extended hydration, helping support the skin’s protective barrier to minimize signs of premature skin aging.; :","INGREDIENTS/INGRÉDIENTS Aqua/Water/Eau, Propanediol, Piperonyl Glucoside, Sodium Hyaluronate, Medicago Sativa (Alfalfa) Extract, Schizophyllan, Galactoarabinan, Laminaria Digitata Extract, Opuntia Ficus-Indica Stem Extract, Hydroxyacetophenone, Galactomyces Ferment Filtrate, Arginine, Levulinic Acid, Aminopropyl Menthyl Phosphate, Pentylene Glycol, Glycerin, Trisodium Ethylenediamine Disuccinate, Maltodextrin, Sodium Citrate, Gluconolactone, Benzoic Acid, Phenoxyethanol WARNINGS For external use only. Avoid contact with eyes. If contact occurs, rinse thoroughly with water. Keep out of reach of children. If swallowed, get medical help or contact a poison control center right away. AVERTISSEMENTS Pour usage externe seulement. Éviter le contact avec les yeux. En cas de contact, rincer à fond avec de l’eau. Tenir hors de la portée des enfants. En cas d’ingestion, obtenir de l’aide médicale ou contacter un centre antipoison immédiatement. OTHER INFORMATION Protect this product from excessive heat and direct sun. AUTRE INFORMATION Protéger ce produit contre la chaleur excessive et la","Close eyes. Hold bottle 6-8 inches from the face. Spray onto face as desired. Reapply throughout the day. For best results, use AM + PM. Layers easily, even over make up. Have questions on the recommended order to apply your ZO® products? Contact your a ZO® Partner or use our live chat to speak to a ZO® Skincare Specialist for more information.","Skin Prone to Redness, Dry to Sensitized Skin, TSA Approved",exact
Sunscreen + Powder (deep),,,,,,,,,,missing
Sunscreen + Powder (light),,,,,,,,,,missing
Sunscreen + Powder (med),,,,,,,,,,missing
Sunscreen + Primer,,,,,,,,,,missing
Tretinoin .05%,,,,,,,,,,missing
Tretinoin Cream .10%,,,,,,,,,,missing
Wrinkle + Texture Repair,,,,,,,,,,missing
