Product Name,Matched Name,Image URL,Match Type
Backbar Balancing Cleansing Emulsion,Balancing Cleansing Emulsion,https://zoskinhealth.com/dw/image/v2/BJWC_PRD/on/demandware.static/-/Sites-zoskinhealth-master/default/dwfe440920/images/Balancing%20Cleansing%20Emulsion/bce.full.plp.gbl.png?sw=520&q=65,fuzzy (0.75)
Travel Exfoliating Cleanser,Exfoliating Cleanser,https://zoskinhealth.com/dw/image/v2/BJWC_PRD/on/demandware.static/-/Sites-zoskinhealth-master/default/dwd0c48db3/images/EXFOLIATING%20CLEANSER/exf.cleanser.full.plp.gbl.png?sw=520&q=65,fuzzy (0.70)
Anti-Aging Program Kit,Anti-Aging Program,https://zoskinhealth.com/dw/image/v2/BJWC_PRD/on/demandware.static/-/Sites-zoskinhealth-master/default/dwbd3ae5d6/images/ANTI%20AGING%20PROGRAM/aa.kit.box.plp.gbl1.png?sw=520&q=65,fuzzy (0.91)
Balancing Cleansing Emulsion,Balancing Cleansing Emulsion,https://zoskinhealth.com/dw/image/v2/BJWC_PRD/on/demandware.static/-/Sites-zoskinhealth-master/default/dwfe440920/images/Balancing%20Cleansing%20Emulsion/bce.full.plp.gbl.png?sw=520&q=65,exact
Brightalive,Brightalive®,https://zoskinhealth.com/dw/image/v2/BJWC_PRD/on/demandware.static/-/Sites-zoskinhealth-master/default/dw1919166b/images/BRIGHTALIVE/brighta.full.plp.gbl.png?sw=520&q=65,exact
Broad Spectrum Sunscreeen,Sheer Fluid Broad-Spectrum Sunscreen SPF 50,https://zoskinhealth.com/dw/image/v2/BJWC_PRD/on/demandware.static/-/Sites-zoskinhealth-master/default/dwd77764ea/images/SHEER%20FLUID/sf.full.plp.us.png?sw=520&q=65,fuzzy (0.73)
Calming Toner 180ml,Calming Toner,https://zoskinhealth.com/dw/image/v2/BJWC_PRD/on/demandware.static/-/Sites-zoskinhealth-master/default/dwb43ac47a/images/CALMING%20TONER/calmtone.full.plp.gbl.png?sw=520&q=65,fuzzy (0.83)
Complexion Clarifying Serum,Complexion Clarifying Serum,https://zoskinhealth.com/dw/image/v2/BJWC_PRD/on/demandware.static/-/Sites-zoskinhealth-master/default/dw3c2378cf/images/COMPLEXION%20CLARIFYING%20SERUM/ccserum.full.plp.gbl.png.png?sw=520&q=65,exact
Complexion Clearing Masque,Complexion Clearing Program,https://zoskinhealth.com/dw/image/v2/BJWC_PRD/on/demandware.static/-/Sites-zoskinhealth-master/default/dwd807dfa8/images/COMPLEXION%20CLEARING%20PROGRAM/ccprogram.box.plp.gbl.png?sw=520&q=65,fuzzy (0.78)
Complexion Clearing Program Kit,Complexion Clearing Program,https://zoskinhealth.com/dw/image/v2/BJWC_PRD/on/demandware.static/-/Sites-zoskinhealth-master/default/dwd807dfa8/images/COMPLEXION%20CLEARING%20PROGRAM/ccprogram.box.plp.gbl.png?sw=520&q=65,fuzzy (0.94)
Complexion Renewal Pads 60ct,Complexion Renewal Pads,https://zoskinhealth.com/dw/image/v2/BJWC_PRD/on/demandware.static/-/Sites-zoskinhealth-master/default/dw8541624c/images/COMPLEXION%20RENEWAL%20PADS/comprenpads.full.plp.gbl.png?sw=520&q=65,fuzzy (0.91)
Daily Power Defense,Daily Power Defense,https://zoskinhealth.com/dw/image/v2/BJWC_PRD/on/demandware.static/-/Sites-zoskinhealth-master/default/dwffea0432/images/DAILY%20POWER%20DEFENSE/dpd.full.plp.gbl.png?sw=520&q=65,exact
Dual Action Scrub,Dual Action Scrub,https://zoskinhealth.com/dw/image/v2/BJWC_PRD/on/demandware.static/-/Sites-zoskinhealth-master/default/dwcf13ad9f/images/DUAL%20ACTION%20SCRUB/dualscrub.full.plp.gbl.png?sw=520&q=65,exact
Enzymatic Peel,Enzymatic Peel,https://zoskinhealth.com/dw/image/v2/BJWC_PRD/on/demandware.static/-/Sites-zoskinhealth-master/default/dw2a4844a9/images/ENZYMATIC%20PEEL/enzpeel.full.plp.gbl.new.png?sw=520&q=65,exact
Exfoliating Cleanser,Exfoliating Cleanser,https://zoskinhealth.com/dw/image/v2/BJWC_PRD/on/demandware.static/-/Sites-zoskinhealth-master/default/dwd0c48db3/images/EXFOLIATING%20CLEANSER/exf.cleanser.full.plp.gbl.png?sw=520&q=65,exact
Exfoliating Polish,Exfoliating Polish,https://zoskinhealth.com/dw/image/v2/BJWC_PRD/on/demandware.static/-/Sites-zoskinhealth-master/default/dw58428331/images/EXFOLIATING%20POLISH/exfpol.full.plp.gbl.png?sw=520&q=65,exact
Firming Serum,Firming Serum,https://zoskinhealth.com/dw/image/v2/BJWC_PRD/on/demandware.static/-/Sites-zoskinhealth-master/default/dw31516750/images/FIRMING%20SERUM/firmser.full.plp.gbl.png?sw=520&q=65,exact
Gentle Cleanser,Gentle Cleanser,https://zoskinhealth.com/dw/image/v2/BJWC_PRD/on/demandware.static/-/Sites-zoskinhealth-master/default/dwbfa94170/images/GENTLE%20CLEANSER/gencleans.full.plp.gbl.png?sw=520&q=65,exact
Growth Factor EYE Serum,Growth Factor Eye Serum,https://zoskinhealth.com/dw/image/v2/BJWC_PRD/on/demandware.static/-/Sites-zoskinhealth-master/default/dw53e15eca/images/GROWTH%20FACTOR%20EYE%20SERUM/gfes.full.plp.gbl.png?sw=520&q=65,exact
Growth Factor Serum,Growth Factor Serum,https://zoskinhealth.com/dw/image/v2/BJWC_PRD/on/demandware.static/-/Sites-zoskinhealth-master/default/dw1f779e4c/images/GROWTH%20FACTOR%20SERUM/gfs.full.plp.gbl.png?sw=520&q=65,exact
Hydrating Cleanser,Hydrating Cleanser,https://zoskinhealth.com/dw/image/v2/BJWC_PRD/on/demandware.static/-/Sites-zoskinhealth-master/default/dwd5b44550/images/HYDRATING%20CLEANSER/hycleanser.full.plp.gbl.png?sw=520&q=65,exact
Hydrating Creme,Hydrating Cleanser,https://zoskinhealth.com/dw/image/v2/BJWC_PRD/on/demandware.static/-/Sites-zoskinhealth-master/default/dwd5b44550/images/HYDRATING%20CLEANSER/hycleanser.full.plp.gbl.png?sw=520&q=65,fuzzy (0.71)
Illuminating AOX,Illuminating AOX Serum,https://zoskinhealth.com/dw/image/v2/BJWC_PRD/on/demandware.static/-/Sites-zoskinhealth-master/default/dwb7bbc2e6/images/ILLUMINATING%20AOX/iaoxs.full.plp.gbl.png?sw=520&q=65,fuzzy (0.86)
Oil Control Pads 60 qty,Oil Control Pads,https://zoskinhealth.com/dw/image/v2/BJWC_PRD/on/demandware.static/-/Sites-zoskinhealth-master/default/dw99c00429/images/OIL%20CONTROL%20PADS/oilcontrol.full.plp.gbl.png?sw=520&q=65,fuzzy (0.85)
Peptide Facial Refining Concentrate,Peptide Facial Refining Concentrate,https://zoskinhealth.com/dw/image/v2/BJWC_PRD/on/demandware.static/-/Sites-zoskinhealth-master/default/dw8f32b8d6/images/Peptide%20Concentrate/Peptide_Concentrate_hi-res.png?sw=520&q=65,exact
Radical Night Repair,Radical Night Repair,https://zoskinhealth.com/dw/image/v2/BJWC_PRD/on/demandware.static/-/Sites-zoskinhealth-master/default/dw4fcd41b5/images/RADICAL%20NIGHT%20REPAIR/rnr.full.plp.gbl.png?sw=520&q=65,exact
Redness Relief + Barrier Defense Program,Redness Relief + Barrier Defense Program,https://zoskinhealth.com/dw/image/v2/BJWC_PRD/on/demandware.static/-/Sites-zoskinhealth-master/default/dwd04c04de/images/REDNESS%20RELIEF%20PROGRAM/Redness%20Kit_PLP.png?sw=520&q=65,exact
Retinol Skin Brightener 0.5%,Retinol Skin Brightener 0.5%,https://zoskinhealth.com/dw/image/v2/BJWC_PRD/on/demandware.static/-/Sites-zoskinhealth-master/default/dw5d66883d/images/RETINOL%20SKIN%20BRIGHTENER%20.5/rsb5.full.plp.gbl.png?sw=520&q=65,exact
Rozatrol,Rozatrol®,https://zoskinhealth.com/dw/image/v2/BJWC_PRD/on/demandware.static/-/Sites-zoskinhealth-master/default/dwd8e71142/images/ROZATROL/rozatrol.full.plp.gbl.png?sw=520&q=65,exact
Skin Brightening Program Kit,Skin Brightening Program,https://zoskinhealth.com/dw/image/v2/BJWC_PRD/on/demandware.static/-/Sites-zoskinhealth-master/default/dwf3b4a93e/images/SKIN%20BRIGHTENING%20PROGRAM/skin.bright.box.plp.gbl.png?sw=520&q=65,fuzzy (0.94)
Soothing Hydro Mist,Soothing Hydro Mist,https://zoskinhealth.com/dw/image/v2/BJWC_PRD/on/demandware.static/-/Sites-zoskinhealth-master/default/dw4b18570f/images/Soothing%20Hydro%20Mist/Soothing%20Hydro%20Mist_PLP.png?sw=520&q=65,exact
